question_id,type,should_refuse,question,bm25_first_rank,vector_first_rank,diff,bm25_top1,vector_top1,bm25_top5_ids,vector_top5_ids
Q01,定义,False,Embedding（向量嵌入）是什么？,1,1,0,air-vector-embedding#s4p1,air-vector-embedding#s4p1,air-vector-embedding#s4p1 | air-vector-embedding#s4p2 | air-rag-intro#s4p2 | air-vector-embedding#s4p3 | air-vector-embedding#s9p1,air-vector-embedding#s4p1 | air-vector-embedding#s6p1 | air-vector-embedding#s5p1 | air-vector-embedding#s4p2 | air-vector-embedding#s7p3
Q02,定义,False,文本分块（Text Chunking）是什么？切出来的块用来做什么？,1,1,0,air-text-chunking#s2p1,air-text-chunking#s2p1,air-text-chunking#s2p1 | air-text-chunking#s9p1 | air-text-chunking#s5p1 | air-text-chunking#s12p1 | air-text-chunking#s11p13,air-text-chunking#s2p1 | air-text-chunking#s12p1 | air-text-chunking#s10p8-1 | air-text-chunking#s12p8 | air-text-chunking#s16p2
Q03,定义,False,RRF（倒数排序融合）是什么？它是怎么给结果打分的？,1,1,0,air-rerank#s3p2,air-hybrid-search#s8p2,air-rerank#s3p2 | air-hybrid-search#s8p1 | air-hybrid-search#s8p2 | air-hybrid-search#s8p4 | air-hybrid-search#s8p3,air-hybrid-search#s8p2 | air-hybrid-search#s8p1 | air-hybrid-search#s8p4 | air-hybrid-search#s8p3 | air-rerank#s3p2
Q04,定义,False,RAG 评估三元组包含哪三个维度？,1,1,0,air-evaluation#s2p1,air-evaluation#s2p1,air-evaluation#s2p1 | air-evaluation#s2p6 | air-evaluation#s1p4 | air-evaluation#s6p1 | air-rag-intro#s14p2,air-evaluation#s2p1 | air-evaluation#s2p6 | air-evaluation#s2p7 | air-evaluation#s2p3 | air-evaluation#s1p4
Q05,定义,False,Function Calling 是什么？它在 RAG 里解决什么问题？,5,,94,air-formatted-generation#s9p8,air-rag-intro#s8p4,air-formatted-generation#s9p8 | air-rag-intro#s3p1 | air-rag-intro#s7p5 | air-formatted-generation#s10p2 | air-formatted-generation#s7p1,air-rag-intro#s8p4 | air-rag-intro#s7p6 | air-rag-intro#s3p1 | air-rag-intro#s15p5 | air-eval-tools#s6p1
Q06,定义,False,文档加载器在 RAG 的数据管道里一般要完成哪三个核心任务？,1,1,0,air-data-load#s3p2,air-data-load#s3p2,air-data-load#s3p2 | air-data-load#s4p1-2 | air-data-load#s3p1 | air-rag-intro#s15p3 | air-rerank#s11p4,air-data-load#s3p2 | air-data-load#s3p1 | air-data-load#s4p1-2 | air-data-load#s1p1 | air-data-load#s6p2
Q07,定义,False,构建一个最小可用的 RAG 系统大致分哪几步？,1,1,0,air-get-start#s6p1,air-get-start#s6p1,air-get-start#s6p1 | air-rag-intro#s12p1 | air-rag-intro#s12p2 | air-rag-intro#s12p4 | air-evaluation#s1p1,air-get-start#s6p1 | air-rag-intro#s12p4 | air-rag-intro#s12p1 | air-rag-intro#s12p2 | air-rag-intro#s12p3
Q08,原理,False,BM25 打分时为什么同时考虑词频、词的稀有度和文档长度？,1,1,0,air-hybrid-search#s3p3,air-hybrid-search#s3p3,air-hybrid-search#s3p3 | air-hybrid-search#s3p1 | air-rerank#s3p2 | air-hybrid-search#s4p3 | air-vector-embedding#s11p1,air-hybrid-search#s3p3 | air-text-chunking#s8p5 | air-text-chunking#s8p1 | air-text-chunking#s8p2 | air-hybrid-search#s3p1
Q09,原理,False,为什么文本块不是越大越好？,1,1,0,air-text-chunking#s5p1,air-text-chunking#s8p2,air-text-chunking#s5p1 | air-text-chunking#s8p2 | air-text-chunking#s8p1 | air-text-chunking#s6p1 | air-text-chunking#s8p3,air-text-chunking#s8p2 | air-text-chunking#s7p2 | air-text-chunking#s7p1 | air-text-chunking#s6p4 | air-text-chunking#s8p1
Q10,原理,False,为什么需要格式化生成？,1,1,0,air-formatted-generation#s2p1,air-formatted-generation#s2p1,air-formatted-generation#s2p1 | air-formatted-generation#s2p3 | air-formatted-generation#s2p2 | air-formatted-generation#s5p3 | air-formatted-generation#s8p3,air-formatted-generation#s2p1 | air-formatted-generation#s2p3 | air-formatted-generation#s3p1 | air-formatted-generation#s4p5-2 | air-formatted-generation#s1p3
Q11,原理,False,嵌入模型通常用什么训练任务来训练？,2,1,-1,air-vector-embedding#s13p1,air-vector-embedding#s16p2,air-vector-embedding#s13p1 | air-vector-embedding#s16p2 | air-vector-embedding#s14p1 | air-vector-embedding#s15p1 | air-vector-embedding#s17p1,air-vector-embedding#s16p2 | air-vector-embedding#s15p1 | air-vector-embedding#s14p1 | air-vector-embedding#s16p1 | air-vector-embedding#s17p1
Q12,原理,False,为什么重排序（Re-ranking）要放在初步检索之后做，而不是直接用重排模型扫全库？,2,1,-1,air-rerank#s4p1,air-rerank#s5p1,air-rerank#s4p1 | air-rerank#s5p4 | air-rerank#s6p2 | air-rerank#s6p1 | air-rerank#s5p2,air-rerank#s5p1 | air-rerank#s5p2 | air-rerank#s5p4 | air-rerank#s4p1 | air-rerank#s6p1
Q13,比较,False,稀疏向量和密集向量有什么区别？各自的优缺点是什么？,5,1,-4,air-hybrid-search#s5p2,air-hybrid-search#s4p2,air-hybrid-search#s5p2 | air-hybrid-search#s1p1 | air-hybrid-search#s6p1 | air-hybrid-search#s5p6 | air-hybrid-search#s3p4,air-hybrid-search#s4p2 | air-hybrid-search#s3p4 | air-hybrid-search#s2p1 | air-hybrid-search#s5p6 | air-hybrid-search#s5p1
Q14,比较,False,固定大小分块、递归字符分块、语义分块有什么区别？,1,1,0,air-text-chunking#s11p6,air-text-chunking#s11p6,air-text-chunking#s11p6 | air-text-chunking#s11p13 | air-text-chunking#s11p1 | air-text-chunking#s10p9 | air-text-chunking#s11p3,air-text-chunking#s11p6 | air-text-chunking#s11p7 | air-text-chunking#s11p13 | air-text-chunking#s11p11 | air-text-chunking#s11p10
Q15,比较,False,LlamaIndex Evaluation、Ragas、Phoenix 这几个评估工具该怎么选？,,1,-98,air-eval-tools#s2p1,air-eval-tools#s12p1,air-eval-tools#s2p1 | air-eval-tools#s1p1 | air-eval-tools#s10p1 | air-evaluation#s4p5 | air-rag-intro#s11p1,air-eval-tools#s12p1 | air-eval-tools#s5p3 | air-evaluation#s2p1 | air-eval-tools#s1p1 | air-eval-tools#s3p1
Q16,比较,False,RAG 和微调（Fine-tuning）应该怎么选？,1,1,0,air-rag-intro#s7p1,air-rag-intro#s7p1,air-rag-intro#s7p1 | air-data-load#s9p5 | air-rag-intro#s7p3 | air-rag-intro#s7p4 | air-rag-intro#s7p6,air-rag-intro#s7p1 | air-rag-intro#s7p5 | air-rag-intro#s7p4 | air-rag-intro#s7p2 | air-rag-intro#s7p3
Q17,取舍,False,固定大小分块里的 chunk_overlap 起什么作用？块大小该怎么取舍？,1,1,0,air-text-chunking#s10p3,air-text-chunking#s10p5,air-text-chunking#s10p3 | air-text-chunking#s10p5 | air-text-chunking#s10p8-1 | air-text-chunking#s10p8-2 | air-get-start#s8p1-2,air-text-chunking#s10p5 | air-text-chunking#s10p3 | air-text-chunking#s10p4 | air-text-chunking#s10p1 | air-text-chunking#s10p7
Q18,取舍,False,混合检索的优势和局限分别是什么？,1,1,0,air-hybrid-search#s10p1,air-hybrid-search#s10p1,air-hybrid-search#s10p1 | air-hybrid-search#s1p1 | air-data-load#s6p1 | air-rag-intro#s7p6 | air-rag-intro#s4p4,air-hybrid-search#s10p1 | air-hybrid-search#s6p2 | air-hybrid-search#s1p1 | air-hybrid-search#s6p1 | air-hybrid-search#s2p1
Q19,取舍,False,给嵌入模型选型时，应该看哪些维度？,1,1,0,air-vector-embedding#s20p1,air-vector-embedding#s20p1,air-vector-embedding#s20p1 | air-vector-embedding#s19p2 | air-vector-embedding#s18p1 | air-evaluation#s3p1 | air-vector-embedding#s21p2,air-vector-embedding#s20p1 | air-vector-embedding#s19p2 | air-vector-embedding#s18p1 | air-vector-embedding#s21p2 | air-vector-embedding#s20p2-2
Q20,同义改写,False,把一整段话变成一串数字，让意思相近的文本在那个空间里靠得更近——这说的是哪个环节？,2,4,2,air-evaluation#s8p16-1,air-text-chunking#s12p6,air-evaluation#s8p16-1 | air-vector-embedding#s5p2 | air-rag-intro#s3p2 | air-evaluation#s8p16-2 | air-rag-intro#s15p2,air-text-chunking#s12p6 | air-text-chunking#s6p4 | air-hybrid-search#s4p1 | air-vector-embedding#s5p2 | air-text-chunking#s6p2
Q21,同义改写,False,先拿便宜的算法粗筛一批候选，再用精细的模型对这批候选重新排序——这对应哪一类检索流程？,2,1,-1,air-rag-intro#s8p4,air-rerank#s6p2,air-rag-intro#s8p4 | air-rerank#s5p3 | air-rerank#s4p1 | air-vector-embedding#s21p3 | air-rag-intro#s14p4,air-rerank#s6p2 | air-rerank#s5p3 | air-rerank#s5p1 | air-rerank#s5p4 | air-rerank#s6p4
Q22,同义改写,False,长文档检索时，如果块切得太碎，常常是词能对上但拼起来上下文不连贯，一般靠什么机制缓解？,1,,98,air-text-chunking#s10p5,air-text-chunking#s7p1,air-text-chunking#s10p5 | air-evaluation#s2p2 | air-rag-intro#s5p3 | air-rag-intro#s15p1 | air-text-chunking#s7p1,air-text-chunking#s7p1 | air-get-start#s10p2-2 | air-text-chunking#s8p5 | air-text-chunking#s8p2 | air-text-chunking#s7p2
Q23,多证据,False,文本块的大小会同时怎样影响检索召回、上下文完整性和系统成本？,1,1,0,air-text-chunking#s5p1,air-text-chunking#s7p2,air-text-chunking#s5p1 | air-text-chunking#s11p13 | air-text-chunking#s10p5 | air-text-chunking#s10p9 | air-get-start#s8p1-2,air-text-chunking#s7p2 | air-text-chunking#s8p5 | air-text-chunking#s4p2 | air-text-chunking#s7p1 | air-text-chunking#s8p2
Q24,多证据,False,一次完整的 RAG 系统评估通常要覆盖哪些环节和维度？,1,4,3,air-evaluation#s6p1,air-evaluation#s1p1,air-evaluation#s6p1 | air-evaluation#s2p7 | air-evaluation#s2p6 | air-rag-intro#s14p3 | air-evaluation#s3p1,air-evaluation#s1p1 | air-eval-tools#s5p1 | air-eval-tools#s5p3 | air-evaluation#s4p1 | air-evaluation#s2p1
Q25,错误前提,False,只要把文本块切得足够大，信息就不会丢，对吗？,1,1,0,air-text-chunking#s5p1,air-text-chunking#s6p4,air-text-chunking#s5p1 | air-text-chunking#s7p2 | air-rag-intro#s15p1 | air-text-chunking#s6p4 | air-data-load#s3p2,air-text-chunking#s6p4 | air-text-chunking#s5p1 | air-text-chunking#s7p1 | air-text-chunking#s6p1 | air-text-chunking#s6p3
Q26,错误前提,False,RAG 一定比微调效果好，这个说法对吗？,2,1,-1,air-rag-intro#s8p6,air-rag-intro#s7p1,air-rag-intro#s8p6 | air-rag-intro#s7p3 | air-rag-intro#s7p2 | air-rag-intro#s7p6 | air-rag-intro#s7p5,air-rag-intro#s7p1 | air-rag-intro#s7p5 | air-rag-intro#s8p6 | air-rag-intro#s7p2 | air-rag-intro#s7p3
Q27,错误前提,False,向量检索一定比 BM25 更准确，所以混合检索没有必要，对吗？,1,3,2,air-hybrid-search#s4p3,air-hybrid-search#s2p1,air-hybrid-search#s4p3 | air-text-chunking#s10p6 | air-hybrid-search#s1p1 | air-rerank#s6p4 | air-hybrid-search#s5p7,air-hybrid-search#s2p1 | air-hybrid-search#s1p1 | air-hybrid-search#s6p1 | air-hybrid-search#s1p2 | air-hybrid-search#s6p2
Q28,项目事实（无依据）,True,本项目现在为什么把切分上限设成 400 字符？,,,0,air-data-load#s3p2,air-text-chunking#s5p1,air-data-load#s3p2 | air-vector-embedding#s18p1 | air-text-chunking#s11p3 | air-text-chunking#s11p1 | air-evaluation#s4p2-2,air-text-chunking#s5p1 | air-text-chunking#s4p2 | air-text-chunking#s11p9 | air-text-chunking#s11p13 | air-text-chunking#s6p3
Q29,无依据,True,本项目在十万份文档规模下的检索延迟是多少毫秒？,,,0,air-get-start#s4p1,air-rerank#s5p4,air-get-start#s4p1 | air-get-start#s4p2 | air-evaluation#s2p7 | air-vector-embedding#s18p1 | air-rag-intro#s15p4,air-rerank#s5p4 | air-rerank#s8p1 | air-evaluation#s2p2 | air-rerank#s5p3 | air-evaluation#s5p4
Q30,无依据,True,红烧肉怎么做才好吃？,,,0,air-vector-embedding#s21p1,air-data-load#s3p2,air-vector-embedding#s21p1 | air-text-chunking#s10p5 | air-text-chunking#s8p4 | air-rag-intro#s15p5 | air-rag-intro#s7p4,air-data-load#s3p2 | air-hybrid-search#s5p4 | air-get-start#s11p3 | air-hybrid-search#s5p8 | air-data-load#s1p1
